ta_r,ta_l
0.020601976241180334,0.0022520652961319013
