ta_r,ta_l
0.16357119607603038,0.36073586460973395
