ta_r,ta_l
0.04289026235161502,0.29988666665827446
