ta_r,ta_l
0.21624376047827973,0.35446070969244087
