ta_r,ta_l,mm_r,mm_l,da_r,da_l
0.7302473478254682,0.5624188976716521,1.5568038998555376,0.4983481371940363,0.04087507075586181,0.21817137628773786
