ta_r,ta_l
0.2933125117209794,0.20487144114523062
