ta_r,ta_l
90.33333333333331,129.16666666666666
