,ta_r,ta_l,mm_r,mm_l,da_r,da_l
0,0.5050757047586624,0.2921610149026707,0.2595678960254919,0.11871120296800222,0.056795798157399026,0.09871449482267242
