ta_r,ta_l
0.21624504399267622,0.35002050857504374
