ta_r,ta_l
0.2933125117209794,0.20487215891699806
