ta_r,ta_l
0.39124349576343465,0.6911485369909537
