ta_r,ta_l
90.33333333333331,51.66666666666666
