ta_r,ta_l
0.1808135799034914,0.36012693409611884
