ta_r,ta_l,mm_r,mm_l,da_r,da_l
0.7302473478254682,0.5624188976716521,1.250876259906121,0.3526003761706136,0.04121017519645186,0.15163270705769974
